b,alpha
0.6,0.0
0.6,0.057236124236148773
0.6,0.11409979163150127
0.6,0.17023288715699794
0.6,0.2253046262795805
0.6,0.2790220695165824
0.6,0.3311374444244597
0.6,0.381452028274862
0.6,0.42981678194652284
0.6,0.47613025138834403
0.6,0.5203344336114082
0.6,0.5624093458137808
0.65,0.6023669719869506
0.65,0.640245134221311
0.65,0.6761016854753364
0.65,0.71000927596975
0.65,0.7420508235891676
0.65,0.7723157263754649
0.85,0.8008967919795104
0.85,0.8278878205387661
0.85,0.8533817581323174
0.85,0.8774693320729927
0.85,0.9002380820393742
0.85,0.9217717087312192
0.9,0.942149671742195
0.9,0.9614469789522022
0.9,0.9797341199207319
1.0,0.997077104940801
1.0,1.0135375793741361
1.0,1.0291729895693216
1.05,1.0440367821640262
1.05,1.05817862300534
1.1,1.0716446254485232
1.1,1.0844775805585203
1.15,1.0967171838840677
1.15,1.1084002551175032
1.2,1.1195609482006537
1.25,1.1302309503702161
1.25,1.140439669327535
1.3,1.150214408220827
1.3,1.1595805284857776
1.35,1.1685616008412572
1.35,1.1771795449049458
1.4,1.1854547579989256
1.4,1.1934062337775484
1.45,1.2010516713380168
1.5,1.208407575478638
1.5,1.2154893487586007
1.55,1.222311375990332
1.55,1.2288871017649785
1.6,1.2352291015782038
1.6,1.2413491470862956
1.65,1.2472582659857558
1.65,1.2529667969730327
1.75,1.2584844402046917
1.75,1.2638203036453826
1.75,1.2689829456577628
1.75,1.2739804141590514
1.85,1.2788202826407313
1.85,1.283509683321995
1.85,1.2880553376836688
1.9,1.2924635846073496
1.95,1.2967404063246784
1.95,1.3008914523631314
2.0,1.3049220616579797
2.0,1.3088372829851265
2.05,1.3126418938552922
2.05,1.3163404179978435
2.15,1.319937141550817
2.15,1.3234361280634783
2.15,1.3268412324083114
2.2,1.3301561136908204
2.2,1.3333842472376107
2.25,1.3365289357364556
2.25,1.3395933195953846
2.35,1.3425803865822206
2.35,1.345492980800643
2.35,1.3483338110540777
2.4,1.3511054586443698
2.4,1.3538103846483083
2.45,1.356450936711284
2.45,1.3590293553943644
2.55,1.3615477801078057
2.55,1.3640082546615897
2.55,1.3664127324608006
2.65,1.3687630813716605
2.65,1.3710610882818413
2.65,1.3733084633768222
2.7,1.3755068441523277
2.7,1.3776577991813665
2.75,1.3797628316529
2.75,1.3818233826978572
2.85,1.3838408345170337
2.85,1.3858165133243165
2.85,1.3877516921176063
2.9,1.389647593288959
2.9,1.391505391084545
2.95,1.3933262139242877
3.0,1.3951111465903214
3.0,1.3968612322926863
3.05,1.398577474620184
3.05,1.4002608393836145
3.1,1.4019122563582163
3.15,1.4035326209316061
3.15,1.405122795663051
3.15,1.40668361175955
3.25,1.4082158704737873
3.25,1.409720344428696
3.3,1.4111977788730388
3.3,1.4126488928721135
3.3,1.4140743804374292
3.4,1.41547491159893
3.4,1.4168511334231215
3.4,1.4182036709802104
3.45,1.4195331282632089
3.5,1.4208400890617174
3.5,1.422125117792966
3.55,1.4233887602924973
3.55,1.424631544566748
3.6,1.4258539815096443
3.6,1.427056565585161
3.6,1.4282397754777354
3.6,1.4294040747122407
3.8,1.4305499122451828
3.8,1.4316777230286317
3.8,1.4327879285483551
3.8,1.4338809373374914
3.8,1.4349571454670513
3.8,1.4360169370144462
3.8,1.4370606845111744
4.0,1.4380887493707364
4.0,1.4391014822977761
4.0,1.4400992236794012
4.0,1.4410823039595777
4.0,1.4420510439974314
4.1,1.4430057554102649
4.1,1.4439467409020321
4.15,1.444874294577984
4.15,1.4457887022461549
4.2,1.4466902417063232
4.2,1.4475791830270481
4.25,1.4484557888113427
4.25,1.4493203144515343
4.25,1.4501730083737945
4.25,1.4510141122728564
4.45,1.451843861337339
4.45,1.4526624844661307
4.45,1.4534702044762406
4.45,1.4542672383024977
4.5,1.4550537971894733
4.5,1.4558300868759704
4.55,1.4565963077724187
4.55,1.4573526551314873
4.6,1.4580993192122091
4.6,1.4588364854379088
4.7,1.459564334548201
4.7,1.4602830427453184
4.7,1.460992781835008
4.8,1.4616937193622341
4.8,1.4623860187419089
4.8,1.463069839384853
4.8,1.4637453368192004
4.9,1.4644126628074265
4.9,1.4650719654591837
4.9,1.4657233893401278
5.0,1.466367075576881
5.0,1.46700316195831
5.0,1.4676317830332548
5.0,1.4682530702048595
5.1,1.4688671518216343
5.1,1.4694741532653894
5.15,1.470074197036157
5.15,1.470667402834221
5.2,1.4712538876393744
5.2,1.471833765787509
5.25,1.4724071490446358
5.3,1.4729741466784472
5.3,1.473534865527506
5.35,1.474089410068154
5.35,1.4746378824792328
5.4,1.4751803827046903
5.45,1.475717008514163
5.45,1.4762478555615983
5.5,1.476773017442001
5.5,1.4772925857463686
5.55,1.4778066501148786
5.55,1.4783152982884002
5.6,1.4788186161583856
5.65,1.4793166878152009
5.65,1.4798095955949535
5.7,1.4802974201248738
5.7,1.4807802403672932
5.75,1.4812581336622819
5.8,1.481731175768979
5.8,1.4821994409056782
5.85,1.4826630017886933
5.85,1.483121929670064
5.9,1.4835762943741317
5.95,1.4840261643330268
5.95,1.4844716066211074
6.0,1.4849126869883809
6.0,1.485349469892948
6.05,1.485782018532499
6.05,1.4862103948748961
6.1,1.4866346596878701
6.15,1.4870548725678658
6.15,1.4874710919680585
6.2,1.4878833752255736
6.2,1.4882917785879346
6.25,1.4886963572387624
6.3,1.489097165322755
6.3,1.4894942559699653
6.35,1.4898876813194064
6.35,1.4902774925419981
6.4,1.4906637398628848
6.4,1.4910464725831372
6.45,1.4914257391008607
6.5,1.4918015869317314
6.5,1.4921740627289721
6.55,1.4925432123027915
6.55,1.4929090806393017
6.6,1.4932717119189265
6.65,1.493631149534323
6.65,1.493987436107826
6.7,1.494340613508432
6.7,1.4946907228683377
6.75,1.495037804599044
6.75,1.4953818984070424
6.8,1.4957230433090922
6.85,1.4960612776471043
6.85,1.4963966391026413
6.9,1.4967291647110472
6.9,1.497058890875214
6.95,1.4973858533790023
7.0,1.4977100874003182
7.0,1.498031627523864
7.05,1.4983505077535675
7.05,1.4986667615246994
7.1,1.4989804217156926
7.1,1.4992915206596638
7.15,1.4996000901556565
7.2,1.4999061614796005
7.2,1.5002097653950095
7.25,1.500510932163415
7.25,1.5008096915545446
7.3,1.5011060728562584
7.35,1.5014001048842434
7.35,1.5016918159914745
7.4,1.5019812340774505
7.4,1.502268386597212
7.45,1.5025533005701401
7.45,1.502836002588553
7.5,1.5031165188260958
7.55,1.5033948750459363
7.55,1.5036710966087687
7.6,1.5039452084806304
7.6,1.504217235240537
7.65,1.5044872010879438
7.7,1.5047551298500328
7.7,1.5050210449888342
7.75,1.5052849696081831
7.75,1.505546926460523
7.8,1.505806937953549
7.8,1.5060650261567048
7.85,1.5063212128075327
7.9,1.5065755193178814
7.9,1.506827966779974
7.95,1.5070785759723435
7.95,1.507327367365634
8.0,1.507574361128276
8.0,1.5078195771320346
8.05,1.508063034957439
8.1,1.5083047538990904
8.1,1.5085447529708564
8.15,1.5087830509109517
8.15,1.5090196661869095
8.2,1.509254617000446
8.2,1.509487921292219
8.25,1.5097195967464876
8.3,1.5099496607956702
8.3,1.5101781306248059
8.35,1.5104050231759234
8.35,1.5106303551523153
8.4,1.5108541430227242
8.45,1.5110764030254416
8.45,1.5112971511723186
8.5,1.5115164032526966
8.5,1.511734174837254
8.55,1.5119504812817748
8.55,1.5121653377308393
8.6,1.5123787591214384
8.65,1.512590760186516
8.65,1.512801355458436
8.7,1.5130105592723821
8.7,1.5132183857696868
8.75,1.5134248489010944
8.75,1.5136299624299574
8.8,1.5138337399353694
8.85,1.5140361948152357
8.85,1.5142373402892824
8.9,1.5144371894020054
8.9,1.514635755025562
8.95,1.5148330498626046
8.95,1.51502908644906
9.0,1.5152238771568523
9.05,1.5154174341965745
9.05,1.5156097696201074
9.1,1.5158008953231872
9.1,1.5159908230479247
9.15,1.5161795643852742
9.15,1.5163671307774576
9.2,1.516553533520338
9.25,1.516738783765753
9.25,1.5169228925238003
9.3,1.5171058706650788
9.3,1.5172877289228923
9.35,1.5174684778954062
9.35,1.5176481280477672
9.4,1.5178266897141817
9.45,1.518004173099956
9.45,1.5181805882834987
9.5,1.5183559452182844
9.5,1.5185302537347836
9.55,1.5187035235423547
9.55,1.5188757642311028
9.6,1.5190469852737027
9.65,1.5192171960271912
9.65,1.5193864057347235
9.7,1.5195546235273008
9.7,1.5197218584254637
9.75,1.5198881193409581
9.75,1.5200534150783678
9.8,1.5202177543367206
9.85,1.5203811457110639
9.85,1.520543597694013
9.9,1.5207051186772718
9.9,1.5208657169531261
9.95,1.5210254007159107
9.95,1.5211841780634503
10.0,1.5213420569984764
10.05,1.521499045430017
10.05,1.5216551511747647
10.1,1.5218103819584188
10.1,1.5219647454170047
10.15,1.5221182490981708
10.15,1.5222709004624637
10.2,1.5224227068845786
10.2,1.5225736756545916
10.25,1.5227238139791686
10.3,1.5228731289827546
10.3,1.5230216277087432
10.35,1.5231693171206233
10.35,1.5233162041031112
10.4,1.5234622954632586
10.4,1.523607597931546
10.45,1.5237521181629545
10.5,1.5238958627380224
10.5,1.5240388381638819
10.55,1.5241810508752796
10.55,1.5243225072355804
10.6,1.5244632135377536
10.6,1.524603176005344
10.65,1.5247424007934256
10.7,1.5248808939895409
10.7,1.5250186616146244
10.75,1.5251557096239103
10.75,1.5252920439078266
10.8,1.525427670292873
10.8,1.5255625945424878
10.85,1.5256968223578953
10.85,1.5258303593789457
10.9,1.5259632111849373
10.95,1.5260953832954265
10.95,1.5262268811710265
11.0,1.5263577102141899
11.0,1.526487875769983
11.05,1.5266173831268435
11.05,1.5267462375173304
11.1,1.5268744441188582
11.1,1.5270020080544227
11.15,1.5271289343933132
11.2,1.5272552281518141
11.2,1.5273808942938976
11.25,1.5275059377319011
11.25,1.5276303633271993
11.3,1.5277541758908615
11.3,1.5278773801843015
11.35,1.5279999809199163
11.4,1.5281219827617158
11.4,1.5282433903259411
11.45,1.5283642081816753
11.45,1.5284844408514442
11.5,1.5286040928118072
11.5,1.5287231684939404
11.55,1.5288416722842102
11.55,1.5289596085247383
11.6,1.5290769815139575
11.65,1.529193795507161
11.65,1.5293100547170417
11.7,1.5294257633142239
11.7,1.5295409254277872
11.75,1.5296555451457827
11.75,1.5297696265157417
11.8,1.5298831735451761
11.8,1.5299961902020718
11.85,1.5301086804153752
11.85,1.5302206480754725
11.9,1.5303320970346606
11.95,1.5304430311076134
11.95,1.5305534540718395
12.0,1.530663369668134
12.0,1.530772781601023
12.05,1.5308816935392036
12.05,1.5309901091159739
12.1,1.5310980319296617
12.1,1.5312054655440417
12.15,1.5313124134887515
12.2,1.5314188792596986
12.2,1.5315248663194618
12.25,1.5316303780976894
12.25,1.5317354179914882
12.3,1.531839989365809
12.3,1.5319440955538273
12.35,1.532047739857316
12.35,1.5321509255470167
12.4,1.5322536558630009
12.45,1.5323559340150312
12.45,1.5324577631829135
12.5,1.5325591465168467
12.5,1.5326600871377658
12.55,1.5327605881376822
12.55,1.532860652580017
12.6,1.5329602834999319
12.6,1.5330594839046534
12.65,1.5331582567737947
12.65,1.5332566050596714
12.7,1.5333545316876138
12.75,1.5334520395562745
12.75,1.5335491315379328
12.8,1.5336458104787927
12.8,1.5337420791992797
12.85,1.5338379404943312
12.85,1.5339333971336848
12.9,1.5340284518621614
12.9,1.5341231073999444
12.95,1.534217366442857
12.95,1.5343112316626333
13.0,1.534404705707188
13.05,1.5344977912008801
13.05,1.534590490744776
13.1,1.5346828069169067
13.1,1.5347747422725218
13.15,1.5348662993443425
13.15,1.5349574806428081
13.2,1.5350482886563213
13.2,1.5351387258514895
13.25,1.535228794673363
13.25,1.5353184975456708
13.3,1.535407836871052
13.3,1.535496815031285
13.35,1.5355854343875144
13.4,1.535673697280473
13.4,1.5357616060307029
13.45,1.5358491629387727
13.45,1.5359363702854927
13.5,1.5360232303321253
13.5,1.536109745320596
13.55,1.5361959174736988
13.55,1.5362817489953002
13.6,1.5363672420705405
13.6,1.536452398866033
13.65,1.5365372215300592
13.65,1.5366217121927634
13.7,1.5367058729663434
13.75,1.5367897059452393
13.75,1.5368732132063205
13.8,1.5369563968090691
13.8,1.5370392587957624
13.85,1.5371218011916514
13.85,1.5372040260051396
13.9,1.5372859352279564
13.9,1.5373675308353314
13.95,1.537448814786164
13.95,1.5375297890231927
14.0,1.5376104554731622
14.0,1.5376908160469862
14.05,1.5377708726399113
14.1,1.5378506271316774
14.1,1.5379300813866754
14.15,1.5380092372541045
14.15,1.5380880965681267
14.2,1.5381666611480187
14.2,1.5382449327983247
14.25,1.5383229133090037
14.25,1.5384006044555776
14.3,1.5384780079992764
14.3,1.5385551256871823
14.35,1.5386319592523716
14.35,1.5387085104140545
14.4,1.5387847808777146
14.4,1.5388607723352452
14.45,1.5389364864650847
14.45,1.539011924932351
14.5,1.5390870893889723
14.55,1.539161981473819
14.55,1.5392366028128324
14.6,1.539310955019151
14.6,1.5393850396932385
14.65,1.5394588584230064
14.65,1.5395324127839385
14.7,1.5396057043392117
14.7,1.5396787346398162
14.75,1.5397515052246744
14.75,1.5398240176207583
14.8,1.5398962733432056
14.8,1.5399682738954341
14.85,1.5400400207692557
14.85,1.5401115154449871
14.9,1.5401827593915622
14.9,1.54025375406664
14.95,1.5403245009167137
14.95,1.5403950013772179
15.0,1.5404652568726331
15.05,1.540535268816592
15.05,1.540605038611981
15.1,1.5406745676510432
15.1,1.54074385731548
15.15,1.5408129089765492
15.15,1.540881723995166
15.2,1.5409503037219987
15.2,1.541018649497566
15.25,1.541086762652332
15.25,1.541154644506801
15.3,1.5412222963716107
15.3,1.5412897195476243
15.35,1.5413569153260214
15.35,1.5414238849883883
15.4,1.5414906298068078
15.4,1.5415571510439467
15.45,1.541623449953143
15.45,1.541689527778492
15.5,1.5417553857549329
15.5,1.541821025108331
15.55,1.5418864470555633
15.55,1.5419516528045987
15.6,1.5420166435545815
15.65,1.5420814204959115
15.65,1.5421459848103232
15.7,1.5422103376709657
15.7,1.54227448024248
15.75,1.542338413681076
15.75,1.5424021391346108
15.8,1.5424656577426612
15.8,1.5425289706366012
15.85,1.5425920789396745
15.85,1.5426549837670678
15.9,1.542717686225983
15.9,1.54278018741571
15.95,1.542842488427696
15.95,1.5429045903456156
16.0,1.5429664942454413
16.0,1.5430282011955112
16.05,1.5430897122565967
16.05,1.5431510284819705
16.1,1.5432121509174714
16.1,1.543273080601572
16.15,1.5433338185654415
16.15,1.5433943658330123
16.2,1.5434547234210418
16.2,1.5435148923391764
16.25,1.5435748735900128
16.25,1.543634668169161
16.3,1.5436942770653044
16.3,1.5437537012602602
16.35,1.5438129417290394
16.35,1.5438719994399055
16.4,1.5439308753544336
16.4,1.5439895704275681
16.45,1.5440480856076795
16.45,1.5441064218366218
16.5,1.5441645800497883
16.5,1.5442225611761664
16.55,1.5442803661383944
16.55,1.544337995852814
16.6,1.5443954512295253
16.6,1.5444527331724394
16.65,1.5445098425793318
16.65,1.5445667803418939
16.7,1.5446235473457852
16.7,1.5446801444706848
16.75,1.5447365725903408
16.75,1.5447928325726217
16.8,1.5448489252795647
16.8,1.5449048515674266
16.85,1.544960612286731
16.85,1.5450162082823162
16.9,1.5450716403933844
16.9,1.5451269094535474
16.95,1.5451820162908738
16.95,1.5452369617279358
17.0,1.5452917465818539
17.0,1.545346371664343
17.05,1.5454008377817567
17.05,1.5454551457351322
17.1,1.5455092963202344
17.1,1.5455632903275986
17.15,1.5456171285425746
17.15,1.5456708117453684
17.2,1.5457243407110852
17.2,1.5457777162097717
17.25,1.5458309390064557
17.25,1.545884009861189
17.3,1.5459369295290877
17.3,1.545989698760371
17.35,1.5460423183004028
17.35,1.5460947888897307
17.4,1.5461471112641245
17.4,1.5461992861546148
17.45,1.5462513142875323
17.45,1.5463031963845453
17.5,1.5463549331626967
17.5,1.546406525334442
17.55,1.5464579736076856
17.55,1.5465092786858177
17.6,1.5465604412677503
17.6,1.546611462047953
17.65,1.5466623417164882
17.65,1.546713080959047
17.7,1.5467636804569833
17.7,1.546814140887348
17.75,1.546864462922924
17.75,1.54691464723226
17.8,1.5469646944797024
17.8,1.5470146053254308
17.85,1.5470643804254893
17.85,1.547114020431819
17.9,1.5471635259922916
17.9,1.5472128977507398
17.95,1.5472621363469894
17.95,1.5473112424168916
18.0,1.5473602165923523
18.0,1.547409059501365
18.05,1.5474577717680391
18.05,1.5475063540126313
18.1,1.5475548068515756
18.1,1.5476031308975127
18.15,1.5476513267593186
18.15,1.5476993950421352
18.2,1.5477473363473977
18.2,1.547795151272864
18.25,1.547842840412643
18.25,1.5478904043572217
18.3,1.5479378436934939
18.3,1.5479851590047877
18.35,1.5480323508708924
18.35,1.5480794198680852
18.35,1.548126366569159
18.4,1.5481731915434478
18.4,1.5482198953568538
18.45,1.548266478571873
18.45,1.5483129417476211
18.5,1.5483592854398591
18.5,1.5484055102010188
18.55,1.5484516165802278
18.55,1.5484976051233341
18.6,1.548543476372931
18.6,1.548589230868382
18.65,1.5486348691458443
18.65,1.5486803917382925
18.7,1.548725799175544
18.7,1.5487710919842812
18.75,1.5488162706880746
18.75,1.5488613358074075
18.8,1.5489062878596973
18.8,1.5489511273593195
18.85,1.548995854817629
18.85,1.5490404707429841
18.9,1.549084975640767
18.9,1.549129370013407
18.9,1.5491736543604009
18.95,1.5492178291783365
18.95,1.549261894960912
19.0,1.5493058521989584
19.0,1.5493497013804605
19.05,1.5493934429905765
19.05,1.5494370775116604
19.1,1.549480605423281
19.1,1.5495240272022435
19.15,1.549567343322608
19.15,1.549610554255711
19.2,1.549653660470184
19.2,1.549696662431974
19.25,1.5497395606043618
19.25,1.5497823554479826
19.3,1.5498250474208444
19.3,1.549867636978346
19.3,1.5499101245732978
19.35,1.5499525106559386
19.35,1.549994795673955
19.4,1.5500369800724991
19.4,1.550079064294207
19.45,1.550121048779217
19.45,1.5501629339651866
19.5,1.5502047202873108
19.5,1.5502464081783398
19.55,1.5502879980685953
19.55,1.550329490385989
19.6,1.550370885556039
19.6,1.5504121840018865
19.65,1.5504533861443135
19.65,1.550494492401758
19.65,1.5505355031903323
19.7,1.5505764189238376
19.7,1.5506172400137814
19.75,1.5506579668693932
19.75,1.5506985998976406
19.8,1.5507391395032446
19.8,1.550779586088696
19.85,1.5508199400542704
19.85,1.5508602017980442
19.9,1.550900371715909
19.9,1.5509404502015884
19.9,1.5509804376466507
19.95,1.5510203344405256
19.95,1.551060140970519
20.0,1.5510998576218262
20.0,1.5511394847775486
20.05,1.551179022818706
20.05,1.551218472124252
20.1,1.5512578330710887
20.1,1.5512971060340797
20.15,1.5513362913860644
20.15,1.5513753894978723
20.2,1.5514144007383366
20.2,1.551453325474307
20.2,1.5514921640706643
20.25,1.5515309168903335
20.25,1.5515695842942967
20.3,1.5516081666416068
20.3,1.5516466642894
20.35,1.5516850775929094
20.35,1.5517234069054777
20.4,1.5517616525785696
20.4,1.5517998149617849
20.4,1.551837894402871
20.45,1.5518758912477348
20.45,1.551913805840456
20.5,1.551951638523299
20.5,1.5519893896367243
20.55,1.552027059519402
20.55,1.5520646485082223
20.6,1.5521021569383087
20.6,1.5521395851430286
20.65,1.552176933454006
20.65,1.5522142022011327
20.65,1.5522513917125789
20.7,1.5522885023148068
20.7,1.5523255343325792
20.75,1.5523624880889733
20.75,1.5523993639053897
20.8,1.5524361621015654
20.8,1.552472882995583
20.85,1.5525095269038824
20.85,1.5525460941412723
20.85,1.5525825850209396
20.9,1.5526189998544606
20.9,1.5526553389518116
20.95,1.5526916026213797
20.95,1.5527277911699726
21.0,1.5527639049028288
21.0,1.5527999441236287
21.0,1.5528359091345036
21.05,1.5528718002360469
21.05,1.5529076177273233
21.1,1.552943361905879
21.1,1.5529790330677513
21.15,1.5530146315074786
21.15,1.5530501575181104
21.2,1.5530856113912161
21.2,1.553120993416895
21.2,1.5531563038837857
21.25,1.553191543079076
21.25,1.553226711288511
21.3,1.5532618087964039
21.3,1.5532968358856432
21.35,1.5533317928377042
21.35,1.553366679932656
21.35,1.5534014974491717
21.4,1.5534362456645363
21.4,1.5534709248546568
21.45,1.5535055352940697
21.45,1.5535400772559502
21.5,1.5535745510121217
21.5,1.5536089568330624
21.5,1.553643294987916
21.55,1.5536775657444983
21.55,1.553711769369307
21.6,1.5537459061275287
21.6,1.5537799762830484
21.65,1.5538139800984572
21.65,1.5538479178350595
21.65,1.553881789752883
21.7,1.5539155961106847
21.7,1.5539493371659605
21.75,1.5539830131749521
21.75,1.5540166243926548
21.8,1.5540501710728258
21.8,1.5540836534679918
21.8,1.5541170718294564
21.85,1.5541504264073076
21.85,1.5541837174504258
21.9,1.5542169452064913
21.9,1.5542501099219914
21.95,1.5542832118422272
21.95,1.5543162512113222
21.95,1.554349228272229
22.0,1.5543821432667366
22.0,1.554414996435477
22.05,1.5544477880179328
22.05,1.5544805182524446
22.1,1.5545131873762175
22.1,1.5545457956253277
22.1,1.5545783432347307
22.15,1.5546108304382669
22.15,1.5546432574686686
22.2,1.5546756245575677
22.2,1.554707931935501
22.2,1.5547401798319185
22.25,1.554772368475188
22.25,1.5548044980926032
22.3,1.5548365689103905
22.3,1.5548685811537135
22.35,1.5549005350466816
22.35,1.554932430812355
22.35,1.554964268672752
22.4,1.5549960488488541
22.4,1.5550277715606133
22.45,1.5550594370269577
22.45,1.5550910454657982
22.45,1.555122597094034
22.5,1.555154092127559
22.5,1.5551855307812679
22.55,1.5552169132690616
22.55,1.5552482398038543
22.55,1.555279510597578
22.6,1.5553107258611893
22.6,1.5553418858046753
22.65,1.5553729906370584
22.65,1.555404040566403
22.65,1.5554350357998203
22.7,1.5554659765434757
22.7,1.5554968630025923
22.75,1.555527695381457
22.75,1.5555584738834274
22.8,1.5555891987109356
22.8,1.5556198700654946
22.8,1.5556504881477036
22.85,1.555681053157253
22.85,1.55571156529293
22.9,1.5557420247526241
22.9,1.5557724317333321
22.9,1.5558027864311632
22.95,1.5558330890413448
22.95,1.5558633397582267
23.0,1.5558935387752875
23.0,1.555923686285138
23.0,1.5559537824795284
23.05,1.5559838275493512
23.05,1.5560138216846475
23.1,1.5560437650746115
23.1,1.5560736579075956
23.1,1.556103500371115
23.15,1.556133292651853
23.15,1.556163034935665
23.2,1.5561927274075846
23.2,1.556222370251827
23.2,1.5562519636517944
23.25,1.5562815077900807
23.25,1.556311002848476
23.3,1.5563404490079709
23.3,1.556369846448762
23.3,1.556399195350256
23.35,1.5564284958910732
23.35,1.556457748249054
23.35,1.5564869526012615
23.4,1.5565161091239872
23.4,1.556545217992755
23.45,1.556574279382325
23.45,1.5566032934666991
23.45,1.556632260419124
23.5,1.5566611804120964
23.5,1.556690053617367
23.55,1.5567188802059442
23.55,1.5567476603480994
23.55,1.5567763942133706
23.6,1.5568050819705654
23.6,1.5568337237877679
23.65,1.55686231983234
23.65,1.5568908702709265
23.65,1.5569193752694603
23.7,1.5569478349931645
23.7,1.5569762496065573
23.7,1.5570046192734563
23.75,1.5570329441569817
23.75,1.5570612244195603
23.8,1.5570894602229306
23.8,1.5571176517281446
23.8,1.5571457990955735
23.85,1.5571739024849103
23.85,1.557201962055174
23.9,1.5572299779647136
23.9,1.5572579503712118
23.9,1.5572858794316877
23.95,1.5573137653025024
23.95,1.5573416081393605
23.95,1.5573694080973155
24.0,1.5573971653307725
24.0,1.5574248799934918
24.05,1.557452552238593
24.05,1.5574801822185578
24.05,1.5575077700852344
24.1,1.5575353159898404
24.1,1.5575628200829659
24.1,1.557590282514578
24.15,1.5576177034340235
24.15,1.5576450829900326
24.2,1.557672421330722
24.2,1.5576997186035983
24.2,1.5577269749555622
24.25,1.55775419053291
24.25,1.557781365481339
24.25,1.5578084999459492
24.3,1.5578355940712472
24.3,1.5578626480011497
24.35,1.5578896618789861
24.35,1.5579166358475023
24.35,1.557943570048863
24.4,1.557970464624656
24.4,1.5579973197158943
24.4,1.55802413546302
24.45,1.558050912005907
24.45,1.5580776494838642
24.45,1.5581043480356382
24.5,1.558131007799417
24.5,1.5581576289128327
24.55,1.558184211512964
24.55,1.5582107557363403
24.55,1.558237261718943
24.6,1.5582637295962107
24.6,1.55829015950304
24.6,1.5583165515737898
24.65,1.558342905942283
24.65,1.5583692227418109
24.65,1.5583955021051343
24.7,1.5584217441644883
24.7,1.5584479490515828
24.75,1.5584741168976075
24.75,1.5585002478332335
24.75,1.5585263419886162
24.8,1.5585523994933979
24.8,1.5585784204767112
24.8,1.5586044050671812
24.85,1.5586303533929282
24.85,1.5586562655815706
24.85,1.558682141760227
24.9,1.55870798205552
24.9,1.5587337865935778
24.9,1.5587595555000366
24.95,1.5587852889000444
24.95,1.558810986918263
25.0,1.5588366496788697
25.0,1.5588622773055618
25.0,1.5588878699215567
25.05,1.5589134276495966
25.05,1.55893895061195
25.05,1.5589644389304138
25.1,1.5589898927263166
25.1,1.559015312120521
25.1,1.5590406972334259
25.15,1.559066048184968
25.15,1.5590913650946265
25.15,1.5591166480814231
25.2,1.5591418972639262
25.2,1.5591671127602513
25.2,1.559192294688066
25.25,1.55921744316459
25.25,1.5592425583065985
25.25,1.5592676402304242
25.3,1.55929268905196
25.3,1.559317704886661
25.35,1.5593426878495469
25.35,1.5593676380552035
25.35,1.5593925556177866
25.4,1.5594174406510224
25.4,1.559442293268211
25.4,1.5594671135822284
25.45,1.559491901705528
25.45,1.5595166577501436
25.45,1.5595413818276906
25.5,1.55956607404937
25.5,1.5595907345259679
25.5,1.55961536336786
25.55,1.5596399606850126
25.55,1.5596645265869848
25.55,1.5596890611829306
25.6,1.5597135645816012
25.6,1.5597380368913467
25.6,1.5597624782201187
25.65,1.5597868886754718
25.65,1.5598112683645662
25.65,1.5598356173941688
25.7,1.559859935870656
25.7,1.559884223900016
25.7,1.5599084815878497
25.75,1.5599327090393733
25.75,1.5599569063594205
25.75,1.5599810736524442
25.8,1.5600052110225178
25.8,1.5600293185733383
25.8,1.5600533964082277
25.85,1.5600774446301344
25.85,1.560101463341636
25.85,1.5601254526449404
25.9,1.5601494126418882
25.9,1.5601733434339546
25.9,1.5601972451222506
25.95,1.5602211178075254
25.95,1.5602449615901681
25.95,1.5602687765702097
26.0,1.5602925628473248
26.0,1.5603163205208328
26.0,1.5603400496897009
26.05,1.5603637504525447
26.05,1.5603874229076307
26.05,1.5604110671528777
26.05,1.560434683285859
26.1,1.5604582714038036
26.1,1.560481831603598
26.1,1.5605053639817883
26.15,1.5605288686345817
26.15,1.560552345657848
26.15,1.5605757951471217
26.2,1.5605992171976033
26.2,1.5606226119041613
26.2,1.5606459793613332
26.25,1.5606693196633283
26.25,1.5606926329040285
26.25,1.5607159191769897
26.3,1.5607391785754445
26.3,1.5607624111923029
26.3,1.5607856171201537
26.35,1.5608087964512674
26.35,1.5608319492775966
26.35,1.5608550756907775
26.4,1.5608781757821328
26.4,1.5609012496426717
26.4,1.5609242973630924
26.4,1.5609473190337833
26.45,1.5609703147448246
26.45,1.56099328458599
26.45,1.5610162286467482
26.5,1.5610391470162637
26.5,1.5610620397833992
26.5,1.5610849070367172
26.55,1.5611077488644807
26.55,1.5611305653546546
26.55,1.5611533565949085
26.6,1.5611761226726166
26.6,1.5611988636748604
26.6,1.561221579688429
26.6,1.5612442707998218
26.65,1.5612669370952483
26.65,1.5612895786606316
26.65,1.5613121955816078
26.7,1.5613347879435289
26.7,1.5613573558314633
26.7,1.5613798993301975
26.75,1.561402418524238
26.75,1.5614249134978109
26.75,1.5614473843348662
26.8,1.5614698311190762
26.8,1.5614922539338387
26.8,1.5615146528622779
26.8,1.5615370279872454
26.85,1.5615593793913218
26.85,1.561581707156818
26.85,1.561604011365777
26.9,1.561626292099974
26.9,1.5616485494409187
26.9,1.5616707834698567
26.9,1.5616929942677702
26.95,1.5617151819153792
26.95,1.5617373464931439
26.95,1.5617594880812642
27.0,1.5617816067596826
27.0,1.5618037026080849
27.0,1.5618257757059006
27.05,1.5618478261323059
27.05,1.561869853966223
27.05,1.5618918592863227
27.05,1.5619138421710255
27.1,1.561935802698502
27.1,1.5619577409466745
27.1,1.5619796569932192
27.15,1.5620015509155656
27.15,1.5620234227908991
27.15,1.5620452726961618
27.15,1.562067100708053
27.2,1.5620889069030317
27.2,1.5621106913573166
27.2,1.562132454146888
27.25,1.562154195347488
27.25,1.5621759150346233
27.25,1.5621976132835647
27.25,1.5622192901693488
27.3,1.5622409457667799
27.3,1.5622625801504295
27.3,1.5622841933946392
27.35,1.5623057855735207
27.35,1.5623273567609572
27.35,1.5623489070306043
27.35,1.562370436455892
27.4,1.5623919451100239
27.4,1.5624134330659807
27.4,1.5624349003965194
27.45,1.5624563471741753
27.45,1.5624777734712627
27.45,1.5624991793598761
27.45,1.5625205649118912
27.5,1.5625419301989663
27.5,1.5625632752925425
27.5,1.5625846002638457
27.5,1.5626059051838874
27.55,1.562627190123465
27.55,1.5626484551531636
27.55,1.5626697003433572
27.6,1.562690925764209
27.6,1.5627121314856727
27.6,1.5627333175774938
27.6,1.56275448410921
27.65,1.5627756311501528
27.65,1.5627967587694485
27.65,1.5628178670360184
27.65,1.562838956018581
27.7,1.562860025785651
27.7,1.5628810764055436
27.7,1.5629021079463714
27.7,1.562923120476049
27.75,1.562944114062291
27.75,1.5629650887726156
27.75,1.5629860446743435
27.8,1.5630069818345995
27.8,1.5630279003203145
27.8,1.5630488001982241
27.8,1.5630696815348721
27.85,1.5630905443966099
27.85,1.5631113888495975
27.85,1.5631322149598048
27.85,1.5631530227930126
27.9,1.5631738124148133
27.9,1.5631945838906114
27.9,1.5632153372856255
27.9,1.563236072664888
27.95,1.5632567900932464
27.95,1.563277489635365
27.95,1.5632981713557241
27.95,1.5633188353186227
28.0,1.563339481588178
28.0,1.563360110228327
28.0,1.5633807213028272
28.0,1.5634013148752572
28.05,1.5634218910090183
28.05,1.563442449767334
28.05,1.5634629912132523
28.1,1.563483515409646
28.1,1.563504022419213
28.1,1.5635245123044779
28.1,1.5635449851277925
28.15,1.5635654409513366
28.15,1.5635858798371192
28.15,1.5636063018469784
28.15,1.5636267070425833
28.2,1.5636470954854345
28.2,1.5636674672368642
28.2,1.563687822358038
28.2,1.563708160909955
28.25,1.5637284829534492
28.25,1.5637487885491896
28.25,1.5637690777576816
28.25,1.5637893506392673
28.25,1.563809607254127
28.3,1.5638298476622785
28.3,1.5638500719235804
28.3,1.5638702800977298
28.3,1.5638904722442655
28.35,1.5639106484225678
28.35,1.5639308086918593
28.35,1.5639509531112057
28.35,1.563971081739516
28.4,1.5639911946355451
28.4,1.564011291857892
28.4,1.5640313734650024
28.4,1.5640514395151688
28.45,1.5640714900665313
28.45,1.5640915251770782
28.45,1.564111544904647
28.45,1.5641315493069248
28.5,1.5641515384414493
28.5,1.5641715123656095
28.5,1.5641914711366465
28.5,1.5642114148116535
28.5,1.5642313434475776
28.55,1.56425125710122
28.55,1.5642711558292361
28.55,1.5642910396881375
28.55,1.5643109087342917
28.6,1.564330763023923
28.6,1.564350602613113
28.6,1.5643704275578028
28.6,1.5643902379137908
28.65,1.5644100337367364
28.65,1.564429815082158
28.65,1.5644495820054367
28.65,1.5644693345618135
28.65,1.5644890728063932
28.7,1.5645087967941425
28.7,1.5645285065798924
28.7,1.5645482022183383
28.7,1.5645678837640404
28.75,1.5645875512714245
28.75,1.5646072047947825
28.75,1.564626844388274
28.75,1.5646464701059257
28.8,1.5646660820016327
28.8,1.5646856801291587
28.8,1.5647052645421375
28.8,1.5647248352940724
28.8,1.5647443924383384
28.85,1.5647639360281809
28.85,1.5647834661167184
28.85,1.5648029827569414
28.85,1.5648224860017141
28.85,1.5648419759037746
28.9,1.5648614525157352
28.9,1.5648809158900838
28.9,1.564900366079184
28.9,1.564919803135276
28.95,1.5649392271104767
28.95,1.5649586380567806
28.95,1.5649780360260608
28.95,1.5649974210700688
28.95,1.5650167932404357
29.0,1.565036152588673
29.0,1.565055499166172
29.0,1.5650748330242064
29.0,1.56509415421393
29.0,1.565113462786381
29.05,1.5651327587924786
29.05,1.5651520422830272
29.05,1.565171313308714
29.05,1.565190571920112
29.1,1.5652098181676788
29.1,1.565229052101758
29.1,1.5652482737725795
29.1,1.5652674832302607
29.1,1.5652866805248058
29.15,1.5653058657061076
29.15,1.5653250388239475
29.15,1.5653441999279962
29.15,1.5653633490678138
29.15,1.5653824862928511
29.2,1.5654016116524498
29.2,1.5654207251958427
29.2,1.565439826972155
29.2,1.565458917030404
29.2,1.5654779954195008
29.25,1.565497062188249
29.25,1.5655161173853473
29.25,1.5655351610593886
29.25,1.5655541932588612
29.25,1.5655732140321492
29.3,1.5655922234275328
29.3,1.565611221493189
29.3,1.5656302082771922
29.3,1.565649183827515
29.3,1.5656681481920276
29.35,1.5656871014184999
29.35,1.5657060435546004
29.35,1.5657249746478985
29.35,1.565743894745863
29.35,1.5657628038958646
29.35,1.565781702145175
29.4,1.5658005895409675
29.4,1.5658194661303186
29.4,1.5658383319602074
29.4,1.5658571870775162
29.4,1.565876031529032
29.45,1.5658948653614457
29.45,1.5659136886213534
29.45,1.5659325013552563
29.45,1.5659513036095623
29.45,1.565970095430585
29.5,1.5659888768645454
29.5,1.5660076479575715
29.5,1.5660264087556999
29.5,1.5660451593048748
29.5,1.5660638996509497
29.5,1.5660826298396875
29.55,1.5661013499167606
29.55,1.566120059927752
29.55,1.5661387599181555
29.55,1.566157449933376
29.55,1.5661761300187298
29.6,1.5661948002194463
29.6,1.5662134605806666
29.6,1.5662321111474453
29.6,1.5662507519647508
29.6,1.5662693830774654
29.6,1.5662880045303857
29.65,1.5663066163682235
29.65,1.566325218635606
29.65,1.566343811377076
29.65,1.5663623946370933
29.65,1.5663809684600334
29.65,1.5663995328901903
29.7,1.566418087971775
29.7,1.5664366337489164
29.7,1.5664551702656626
29.7,1.56647369756598
29.7,1.5664922156937555
29.75,1.566510724692795
29.75,1.5665292246068248
29.75,1.5665477154794927
29.75,1.5665661973543668
29.75,1.5665846702749375
29.75,1.5666031342846172
29.8,1.5666215894267406
29.8,1.5666400357445656
29.8,1.5666584732812734
29.8,1.566676902079969
29.8,1.5666953221836812
29.8,1.5667137336353647
29.85,1.5667321364778977
29.85,1.5667505307540852
29.85,1.5667689165066576
29.85,1.5667872937782714
29.85,1.5668056626115103
29.85,1.566824023048885
29.85,1.5668423751328342
29.9,1.5668607189057238
29.9,1.5668790544098488
29.9,1.5668973816874325
29.9,1.5669157007806285
29.9,1.5669340117315187
29.9,1.5669523145821158
29.95,1.5669706093743632
29.95,1.5669888961501346
29.95,1.5670071749512353
29.95,1.5670254458194022
29.95,1.5670437087963043
29.95,1.567061963923543
30.0,1.567080211242653
30.0,1.5670984507951016
30.0,1.5671166826222902
30.0,1.5671349067655542
30.0,1.5671531232661635
30.0,1.567171332165323
30.0,1.5671895335041723
30.05,1.567207727323787
30.05,1.567225913665179
30.05,1.567244092569296
30.05,1.5672622640770233
30.05,1.5672804282291826
30.05,1.5672985850665333
30.05,1.5673167346297732
30.1,1.5673348769595379
30.1,1.5673530120964023
30.1,1.5673711400808799
30.1,1.5673892609534237
30.1,1.567407374754427
30.1,1.5674254815242228
30.1,1.567443581303085
30.15,1.567461674131228
30.15,1.5674797600488084
30.15,1.5674978390959238
30.15,1.5675159113126143
30.15,1.567533976738862
30.15,1.5675520354145922
30.15,1.5675700873796736
30.2,1.5675881326739176
30.2,1.5676061713370808
30.2,1.5676242034088625
30.2,1.5676422289289085
30.2,1.5676602479368078
30.2,1.567678260472096
30.2,1.5676962665742542
30.25,1.567714266282709
30.25,1.5677322596368346
30.25,1.5677502466759505
30.25,1.567768227439325
30.25,1.5677862019661724
30.25,1.5678041702956562
30.25,1.567822132466887
30.25,1.567840088518925
30.3,1.5678580384907785
30.3,1.567875982421406
30.3,1.5678939203497142
30.3,1.5679118523145614
30.3,1.5679297783547552
30.3,1.5679476985090544
30.3,1.5679656128161685
30.35,1.5679835213147586
30.35,1.5680014240434372
30.35,1.5680193210407694
30.35,1.5680372123452722
30.35,1.5680550979954158
30.35,1.5680729780296228
30.35,1.56809085248627
30.35,1.5681087214036877
30.4,1.5681265848201602
30.4,1.5681444427739262
30.4,1.5681622953031793
30.4,1.5681801424460684
30.4,1.5681979842406975
30.4,1.5682158207251267
30.4,1.5682336519373719
30.4,1.568251477915406
30.4,1.568269298697158
30.45,1.5682871143205146
30.45,1.5683049248233196
30.45,1.5683227302433747
30.45,1.56834053061844
30.45,1.5683583259862333
30.45,1.568376116384432
30.45,1.5683939018506725
30.45,1.5684116824225498
30.5,1.5684294581376195
30.5,1.5684472290333968
30.5,1.5684649951473577
30.5,1.5684827565169388
30.5,1.5685005131795375
30.5,1.568518265172513
30.5,1.5685360125331855
30.5,1.568553755298838
30.5,1.5685714935067152
30.5,1.5685892271940252
30.55,1.568606956397938
30.55,1.568624681155588
30.55,1.5686424015040723
30.55,1.5686601174804526
30.55,1.5686778291217545
30.55,1.5686955364649682
30.55,1.5687132395470487
30.55,1.5687309384049164
30.55,1.5687486330754572
30.6,1.5687663235955223
30.6,1.56878401000193
30.6,1.5688016923314638
30.6,1.568819370620875
30.6,1.5688370449068818
30.6,1.568854715226169
30.6,1.5688723816153898
30.6,1.5688900441111655
30.6,1.568907702750085
30.6,1.5689253575687068
30.65,1.568943008603557
30.65,1.5689606558911322
30.65,1.5689782994678978
30.65,1.568995939370289
30.65,1.5690135756347119
30.65,1.5690312082975422
30.65,1.5690488373951266
30.65,1.569066462963783
30.65,1.5690840850398005
30.65,1.56910170365944
30.65,1.5691193188589343
30.7,1.5691369306744885
30.7,1.56915453914228
30.7,1.5691721442984596
30.7,1.5691897461791509
30.7,1.5692073448204509
30.7,1.5692249402584304
30.7,1.5692425325291346
30.7,1.5692601216685829
30.7,1.5692777077127689
30.7,1.5692952906976618
30.7,1.5693128706592059
30.75,1.5693304476333207
30.75,1.5693480216559021
30.75,1.5693655927628218
30.75,1.569383160989928
30.75,1.5694007263730454
30.75,1.5694182889479764
30.75,1.5694358487505002
30.75,1.5694534058163736
30.75,1.5694709601813315
30.75,1.569488511881087
30.75,1.5695060609513318
30.75,1.5695236074277363
30.75,1.5695411513459496
30.8,1.5695586927416008
30.8,1.5695762316502984
30.8,1.5695937681076308
30.8,1.569611302149167
30.8,1.569628833810456
30.8,1.5696463631270279
30.8,1.569663890134394
30.8,1.5696814148680471
30.8,1.5696989373634613
30.8,1.5697164576560931
30.8,1.569733975781381
30.8,1.5697514917747466
30.8,1.5697690056715934
30.85,1.5697865175073091
30.85,1.569804027317264
30.85,1.5698215351368126
30.85,1.569839041001293
30.85,1.5698565449460282
30.85,1.5698740470063253
30.85,1.5698915472174766
30.85,1.5699090456147589
30.85,1.5699265422334352
30.85,1.569944037108754
30.85,1.5699615302759495
30.85,1.5699790217702425
30.85,1.5699965116268404
30.85,1.5700139998809373
30.85,1.570031486567714
30.9,1.5700489717223403
30.9,1.5700664553799715
30.9,1.5700839375757527
30.9,1.5701014183448165
30.9,1.5701188977222842
30.9,1.5701363757432658
30.9,1.5701538524428604
30.9,1.570171327856157
30.9,1.570188802018234
30.9,1.5702062749641594
30.9,1.5702237467289921
30.9,1.570241217347781
30.9,1.5702586868555661
30.9,1.5702761552873787
30.9,1.570293622678241
30.9,1.5703110890631669
30.9,1.5703285544771628
30.95,1.5703460189552267
30.95,1.5703634825323498
30.95,1.5703809452435151
30.95,1.5703984071236998
30.95,1.5704158682078737
30.95,1.5704333285310002
30.95,1.5704507881280372
30.95,1.570468247033936
30.95,1.5704857052836432
30.95,1.5705031629120993
30.95,1.5705206199542407
30.95,1.5705380764449985
30.95,1.5705555324192995
30.95,1.5705729879120665
30.95,1.5705904429582185
30.95,1.5706078975926707
30.95,1.570625351850335
30.95,1.5706428057661206
30.95,1.570660259374934
30.95,1.5706777127116784
30.95,1.5706951658112558
30.95,1.570712618708566
31.0,1.570730071438507
31.0,1.5707475240359758
31.0,1.570764976535868
31.0,1.5707824289730783
31.0,1.5707998813825017
31.0,1.5708173337990319
31.0,1.5708347862575633
31.0,1.5708522387929909
31.0,1.5708696914402094
31.0,1.5708871442341155
31.0,1.5709045972096058
31.0,1.5709220504015797
31.0,1.5709395038449374
31.0,1.5709569575745814
31.0,1.5709744116254165
31.0,1.57099186603235
31.0,1.5710093208302924
31.0,1.5710267760541567
31.0,1.5710442317388598
31.0,1.5710616879193218
31.0,1.5710791446304675
31.0,1.5710966019072254
31.0,1.5711140597845286
31.0,1.5711315182973151
31.0,1.571148977480528
31.0,1.5711664373691157
31.0,1.5711838979980322
31.0,1.5712013594022374
31.0,1.5712188216166976
31.0,1.5712362846763854
31.05,1.5712537486162803
31.05,1.5712712134713687
31.05,1.5712886792766445
31.05,1.5713061460671092
31.05,1.5713236138777718
31.05,1.5713410827436498
31.05,1.5713585526997693
31.05,1.571376023781165
31.05,1.5713934960228801
31.05,1.5714109694599683
31.05,1.5714284441274915
31.05,1.5714459200605222
31.05,1.5714633972941432
31.05,1.571480875863447
31.05,1.5714983558035376
31.05,1.5715158371495297
31.05,1.5715333199365489
31.05,1.5715508041997326
31.05,1.5715682899742305
31.05,1.5715857772952038
31.05,1.5716032661978263
31.05,1.5716207567172844
31.05,1.5716382488887777
31.05,1.5716557427475188
31.05,1.5716732383287342
31.05,1.571690735667664
31.05,1.571708234799562
31.05,1.571725735759697
31.05,1.5717432385833523
31.05,1.5717607433058263
31.05,1.571778249962432
31.05,1.571795758588499
31.05,1.5718132692193716
31.05,1.5718307818904114
31.05,1.571848296636995
31.05,1.571865813494517
31.05,1.571883332498388
31.05,1.5719008536840369
31.05,1.5719183770869087
31.05,1.5719359027424675
31.05,1.571953430686195
31.05,1.5719709609535915
31.05,1.5719884935801758
31.05,1.5720060286014856
31.05,1.5720235660530784
31.05,1.5720411059705306
31.05,1.5720586483894392
31.05,1.5720761933454206
31.05,1.5720937408741122
31.05,1.5721112910111719
31.05,1.5721288437922787
31.05,1.5721463992531328
31.05,1.5721639574294561
31.05,1.5721815183569925
31.05,1.5721990820715082
31.05,1.5722166486087914
31.05,1.5722342180046536
31.05,1.5722517902949291
31.05,1.5722693655154758
31.05,1.572286943702175
31.05,1.5723045248909322
31.05,1.5723221091176771
31.05,1.5723396964183638
31.05,1.5723572868289717
31.05,1.5723748803855049
31.05,1.5723924771239932
31.05,1.572410077080492
31.05,1.572427680291083
31.05,1.572445286791874
31.05,1.5724628966189995
31.05,1.572480509808621
31.05,1.5724981263969273
31.05,1.572515746420135
31.05,1.5725333699144879
31.05,1.5725509969162583
31.05,1.5725686274617474
31.05,1.5725862615872845
31.05,1.5726038993292282
31.05,1.5726215407239665
31.05,1.5726391858079174
31.05,1.5726568346175283
31.05,1.572674487189277
31.05,1.5726921435596726
31.05,1.572709803765254
31.05,1.5727274678425922
31.05,1.5727451358282893
31.05,1.5727628077589793
31.05,1.5727804836713284
31.05,1.5727981636020352
31.05,1.5728158475878309
31.05,1.5728335356654801
31.0,1.5728512278717806
31.0,1.5728689242435636
31.0,1.572886624817695
31.0,1.5729043296310743
31.0,1.572922038720636
31.0,1.5729397521233495
31.0,1.5729574698762194
31.0,1.572975192016286
31.0,1.572992918580625
31.0,1.5730106496063492
31.0,1.573028385130607
31.0,1.5730461251905845
31.0,1.573063869823504
31.0,1.573081619066626
31.0,1.5730993729572487
31.0,1.573117131532708
31.0,1.5731348948303787
31.0,1.5731526628876744
31.0,1.5731704357420475
31.0,1.5731882134309896
31.0,1.5732059959920326
31.0,1.573223783462748
31.0,1.573241575880748
31.0,1.5732593732836855
31.0,1.573277175709254
31.0,1.5732949831951888
31.0,1.5733127957792667
31.0,1.5733306134993068
31.0,1.57334843639317
31.0,1.5733662644987605
31.0,1.5733840978540248
30.95,1.5734019364969536
30.95,1.5734197804655805
30.95,1.5734376297979837
30.95,1.5734554845322855
30.95,1.5734733447066525
30.95,1.5734912103592968
30.95,1.573509081528476
30.95,1.573526958252493
30.95,1.5735448405696966
30.95,1.5735627285184823
30.95,1.5735806221372926
30.95,1.573598521464616
30.95,1.5736164265389896
30.95,1.5736343373989976
30.95,1.573652254083272
30.95,1.573670176630494
30.95,1.573688105079393
30.95,1.5737060394687474
30.95,1.5737239798373854
30.95,1.5737419262241854
30.95,1.5737598786680749
30.9,1.5737778372080324
30.9,1.573795801883088
30.9,1.5738137727323216
30.9,1.5738317497948657
30.9,1.5738497331099044
30.9,1.573867722716674
30.9,1.5738857186544635
30.9,1.5739037209626148
30.9,1.573921729680523
30.9,1.5739397448476375
30.9,1.5739577665034612
30.9,1.5739757946875512
30.9,1.57399382943952
30.9,1.5740118707990347
30.9,1.5740299188058184
30.9,1.5740479734996498
30.9,1.5740660349203635
30.9,1.5740841031078512
30.85,1.5741021781020612
30.85,1.5741202599429995
30.85,1.5741383486707294
30.85,1.5741564443253726
30.85,1.5741745469471087
30.85,1.574192656576177
30.85,1.574210773252875
30.85,1.5742288970175604
30.85,1.5742470279106506
30.85,1.5742651659726234
30.85,1.5742833112440173
30.85,1.5743014637654316
30.85,1.5743196235775272
30.85,1.5743377907210272
30.85,1.574355965236716
30.8,1.5743741471654418
30.8,1.5743923365481145
30.8,1.5744105334257086
30.8,1.5744287378392612
30.8,1.5744469498298743
30.8,1.5744651694387142
30.8,1.5744833967070122
30.8,1.5745016316760645
30.8,1.5745198743872335
30.8,1.5745381248819474
30.8,1.574556383201701
30.8,1.5745746493880561
30.8,1.5745929234826415
30.8,1.5746112055271537
30.75,1.5746294955633577
30.75,1.5746477936330867
30.75,1.5746660997782425
30.75,1.5746844140407963
30.75,1.5747027364627897
30.75,1.5747210670863334
30.75,1.574739405953609
30.75,1.5747577531068697
30.75,1.5747761085884386
30.75,1.574794472440712
30.75,1.5748128447061571
30.75,1.5748312254273145
30.75,1.5748496146467976
30.7,1.5748680124072933
30.7,1.5748864187515619
30.7,1.574904833722438
30.7,1.5749232573628316
30.7,1.5749416897157267
30.7,1.5749601308241836
30.7,1.5749785807313383
30.7,1.5749970394804031
30.7,1.575015507114667
30.7,1.5750339836774965
30.7,1.5750524692123355
30.65,1.5750709637627063
30.65,1.5750894673722091
30.65,1.5751079800845236
30.65,1.5751265019434089
30.65,1.5751450329927037
30.65,1.575163573276327
30.65,1.5751821228382783
30.65,1.575200681722639
30.65,1.575219249973571
30.65,1.5752378276353196
30.65,1.5752564147522112
30.6,1.5752750113686562
30.6,1.5752936175291479
30.6,1.5753122332782634
30.6,1.5753308586606642
30.6,1.575349493721097
30.6,1.5753681385043932
30.6,1.5753867930554695
30.6,1.57540545741933
30.6,1.575424131641064
30.6,1.575442815765849
30.6,1.5754615098389493
30.55,1.5754802139057176
30.55,1.5754989280115947
30.55,1.575517652202111
30.55,1.5755363865228855
30.55,1.5755551310196274
30.55,1.5755738857381367
30.55,1.5755926507243037
30.55,1.5756114260241103
30.55,1.5756302116836298
30.5,1.5756490077490286
30.5,1.575667814266565
30.5,1.5756866312825912
30.5,1.5757054588435528
30.5,1.5757242969959897
30.5,1.5757431457865367
30.5,1.5757620052619237
30.5,1.5757808754689762
30.5,1.5757997564546162
30.5,1.5758186482658623
30.45,1.5758375509498301
30.45,1.5758564645537336
30.45,1.5758753891248842
30.45,1.575894324710693
30.45,1.575913271358669
30.45,1.5759322291164222
30.45,1.5759511980316625
30.45,1.5759701781522006
30.45,1.5759891695259483
30.4,1.5760081722009196
30.4,1.5760271862252304
30.4,1.5760462116471001
30.4,1.576065248514851
30.4,1.5760842968769093
30.4,1.5761033567818061
30.4,1.5761224282781774
30.4,1.5761415114147643
30.35,1.5761606062404145
30.35,1.576179712804082
30.35,1.576198831154828
30.35,1.5762179613418215
30.35,1.5762371034143399
30.35,1.5762562574217687
30.35,1.5762754234136036
30.35,1.5762946014394494
30.35,1.5763137915490222
30.3,1.5763329937921484
30.3,1.5763522082187662
30.3,1.5763714348789257
30.3,1.5763906738227904
30.3,1.576409925100636
30.3,1.576429188762853
30.3,1.5764484648599455
30.3,1.576467753442533
30.25,1.5764870545613505
30.25,1.5765063682672493
30.25,1.5765256946111965
30.25,1.5765450336442777
30.25,1.5765643854176954
30.25,1.576583749982771
30.25,1.5766031273909449
30.25,1.576622517693777
30.2,1.5766419209429474
30.2,1.5766613371902574
30.2,1.576680766487629
30.2,1.576700208887107
30.2,1.576719664440858
30.2,1.5767391332011729
30.2,1.5767586152204651
30.15,1.5767781105512735
30.15,1.5767976192462618
30.15,1.5768171413582193
30.15,1.5768366769400615
30.15,1.5768562260448307
30.15,1.5768757887256972
30.15,1.5768953650359594
30.15,1.576914955029044
30.1,1.5769345587585077
30.1,1.5769541762780372
30.1,1.5769738076414495
30.1,1.5769934529026932
30.1,1.5770131121158493
30.1,1.5770327853351307
30.1,1.577052472614884
30.05,1.57707217400959
30.05,1.5770918895738637
30.05,1.5771116193624555
30.05,1.5771313634302515
30.05,1.577151121832275
30.05,1.5771708946236858
30.05,1.5771906818597823
30.0,1.577210483596001
30.0,1.5772302998879177
30.0,1.5772501307912488
30.0,1.5772699763618505
30.0,1.5772898366557209
30.0,1.5773097117289996
30.0,1.5773296016379694
29.95,1.5773495064390564
29.95,1.5773694261888305
29.95,1.5773893609440064
29.95,1.5774093107614449
29.95,1.577429275698152
29.95,1.5774492558112818
29.9,1.5774692511581352
29.9,1.5774892617961616
29.9,1.5775092877829595
29.9,1.5775293291762773
29.9,1.5775493860340135
29.9,1.5775694584142188
29.9,1.5775895463750946
29.85,1.5776096499749963
29.85,1.5776297692724315
29.85,1.5776499043260628
29.85,1.5776700551947078
29.85,1.5776902219373392
29.85,1.5777104046130865
29.85,1.5777306032812366
29.8,1.577750818001234
29.8,1.5777710488326822
29.8,1.5777912958353437
29.8,1.577811559069142
29.8,1.577831838594161
29.8,1.5778521344706467
29.75,1.577872446759008
29.75,1.5778927755198164
29.75,1.5779131208138082
29.75,1.5779334827018845
29.75,1.5779538612451123
29.75,1.5779742565047248
29.7,1.5779946685421227
29.7,1.5780150974188754
29.7,1.5780355431967201
29.7,1.5780560059375652
29.7,1.5780764857034886
29.7,1.5780969825567404
29.65,1.5781174965597426
29.65,1.5781380277750903
29.65,1.5781585762655523
29.65,1.5781791420940732
29.65,1.5781997253237716
29.65,1.5782203260179442
29.6,1.5782409442400638
29.6,1.578261580053782
29.6,1.5782822335229294
29.6,1.578302904711516
29.6,1.5783235936837332
29.6,1.5783443005039537
29.55,1.5783650252367327
29.55,1.5783857679468087
29.55,1.578406528699105
29.55,1.5784273075587292
29.55,1.5784481045909757
29.55,1.5784689198613255
29.5,1.5784897534354476
29.5,1.5785106053791997
29.5,1.5785314757586288
29.5,1.5785523646399735
29.5,1.5785732720896626
29.5,1.5785941981743181
29.45,1.5786151429607556
29.45,1.5786361065159842
29.45,1.5786570889072087
29.45,1.5786780902018303
29.45,1.5786991104674466
29.4,1.578720149771854
29.4,1.5787412081830472
29.4,1.5787622857692218
29.4,1.5787833825987736
29.4,1.5788044987403007
29.4,1.5788256342626037
29.35,1.5788467892346876
29.35,1.5788679637257617
29.35,1.5788891578052417
29.35,1.57891037154275
29.35,1.5789316050081164
29.3,1.5789528582713799
29.3,1.5789741314027899
29.3,1.5789954244728055
29.3,1.5790167375520987
29.3,1.5790380707115539
29.3,1.5790594240222695
29.25,1.5790807975555594
29.25,1.5791021913829528
29.25,1.5791236055761966
29.25,1.5791450402072553
29.25,1.5791664953483129
29.2,1.5791879710717736
29.2,1.5792094674502628
29.2,1.5792309845566284
29.2,1.579252522463942
29.2,1.5792740812454993
29.15,1.5792956609748217
29.15,1.579317261725658
29.15,1.5793388835719837
29.15,1.5793605265880046
29.15,1.5793821908481551
29.15,1.5794038764271021
29.1,1.5794255833997441
29.1,1.579447311841213
29.1,1.5794690618268754
29.1,1.5794908334323339
29.1,1.5795126267334276
29.05,1.5795344418062336
29.05,1.5795562787270683
29.05,1.5795781375724884
29.05,1.5796000184192924
29.05,1.5796219213445208
29.0,1.5796438464254587
29.0,1.5796657937396357
29.0,1.579687763364828
29.0,1.5797097553790593
29.0,1.5797317698606017
28.95,1.5797538068879775
28.95,1.5797758665399595
28.95,1.5797979488955736
28.95,1.5798200540340985
28.95,1.5798421820350688
28.9,1.579864332978274
28.9,1.5798865069437613
28.9,1.579908704011837
28.9,1.5799309242630666
28.9,1.5799531677782768
28.85,1.579975434638557
28.85,1.5799977249252601
28.85,1.5800200387200038
28.85,1.5800423761046727
28.85,1.580064737161418
28.8,1.5800871219726609
28.8,1.580109530621092
28.8,1.5801319631896737
28.8,1.5801544197616415
28.75,1.580176900420505
28.75,1.5801994052500494
28.75,1.5802219343343369
28.75,1.580244487757708
28.75,1.5802670656047828
28.7,1.5802896679604623
28.7,1.5803122949099306
28.7,1.5803349465386551
28.7,1.5803576229323886
28.7,1.5803803241771708
28.65,1.580403050359329
28.65,1.5804258015654804
28.65,1.5804485778825335
28.65,1.5804713793976881
28.65,1.5804942061984393
28.6,1.580517058372576
28.6,1.580539936008185
28.6,1.5805628391936513
28.6,1.5805857680176587
28.55,1.580608722569193
28.55,1.5806317029375427
28.55,1.5806547092123004
28.55,1.5806777414833646
28.55,1.5807007998409404
28.5,1.5807238843755427
28.5,1.580746995177996
28.5,1.580770132339437
28.5,1.5807932959513158
28.5,1.5808164861053975
28.45,1.5808397028937642
28.45,1.5808629464088153
28.45,1.5808862167432707
28.45,1.5809095139901714
28.4,1.5809328382428816
28.4,1.5809561895950897
28.4,1.580979568140811
28.4,1.5810029739743878
28.4,1.5810264071904927
28.35,1.5810498678841292
28.35,1.5810733561506334
28.35,1.5810968720856764
28.35,1.5811204157852652
28.3,1.581143987345745
28.3,1.5811675868637998
28.3,1.581191214436456
28.3,1.5812148701610822
28.25,1.5812385541353926
28.25,1.5812622664574472
28.25,1.5812860072256545
28.25,1.5813097765387731
28.25,1.5813335744959134
28.2,1.5813574011965397
28.2,1.5813812567404713
28.2,1.5814051412278844
28.2,1.581429054759315
28.15,1.5814529974356595
28.15,1.5814769693581772
28.15,1.5815009706284915
28.15,1.5815250013485924
28.15,1.5815490616208385
28.1,1.5815731515479579
28.1,1.5815972712330513
28.1,1.5816214207795927
28.1,1.5816456002914328
28.05,1.581669809872799
28.05,1.5816940496282992
28.05,1.5817183196629225
28.05,1.5817426200820417
28.0,1.5817669509914154
28.0,1.5817913124971892
28.0,1.581815704705899
28.0,1.581840127724471
27.95,1.5818645816602264
27.95,1.5818890666208807
27.95,1.581913582714548
27.95,1.5819381300497413
27.95,1.5819627087353758
27.9,1.5819873188807705
27.9,1.5820119605956495
27.9,1.582036633990146
27.9,1.5820613391748024
27.85,1.582086076260574
27.85,1.5821108453588297
27.85,1.5821356465813556
27.85,1.582160480040356
27.8,1.5821853458484563
27.8,1.5822102441187047
27.8,1.5822351749645747
27.8,1.582260138499967
27.75,1.5822851348392128
27.75,1.5823101640970743
27.75,1.582335226388748
27.75,1.5823603218298672
27.7,1.5823854505365036
27.7,1.58241061262517
27.7,1.5824358082128225
27.7,1.5824610374168626
27.65,1.5824863003551402
27.65,1.582511597145955
27.65,1.5825369279080599
27.65,1.5825622927606626
27.6,1.5825876918234283
27.6,1.582613125216482
27.6,1.5826385930604108
27.6,1.5826640954762667
27.55,1.5826896325855693
27.55,1.582715204510307
27.55,1.5827408113729409
27.55,1.5827664532964065
27.5,1.5827921304041166
27.5,1.5828178428199635
27.5,1.5828435906683216
27.5,1.5828693740740503
27.45,1.5828951931624964
27.45,1.5829210480594962
27.45,1.5829469388913788
27.45,1.5829728657849684
27.4,1.5829988288675874
27.4,1.5830248282670578
27.4,1.5830508641117056
27.4,1.5830769365303619
27.35,1.5831030456523667
27.35,1.5831291916075714
27.35,1.5831553745263405
27.35,1.5831815945395564
27.3,1.5832078517786203
27.3,1.5832341463754558
27.3,1.5832604784625117
27.3,1.5832868481727644
27.25,1.5833132556397216
27.25,1.5833397009974242
27.25,1.5833661843804496
27.25,1.5833927059239152
27.2,1.5834192657634798
27.2,1.583445864035348
27.2,1.5834725008762727
27.2,1.5834991764235575
27.15,1.5835258908150607
27.15,1.5835526441891972
27.15,1.5835794366849425
27.1,1.5836062684418353
27.1,1.5836331395999805
27.1,1.5836600503000524
27.1,1.5836870006832977
27.05,1.583713990891539
27.05,1.5837410210671772
27.05,1.5837680913531957
27.05,1.5837952018931627
27.0,1.5838223528312345
27.0,1.5838495443121592
27.0,1.5838767764812798
27.0,1.5839040494845373
26.95,1.5839313634684737
26.95,1.583958718580236
26.95,1.583986114967579
26.9,1.5840135527788688
26.9,1.5840410321630864
26.9,1.584068553269831
26.9,1.5840961162493228
26.85,1.5841237212524075
26.85,1.584151368430559
26.85,1.584179057935883
26.85,1.5842067899211205
26.8,1.5842345645396518
26.8,1.5842623819454995
26.8,1.5842902422933325
26.8,1.5843181457384687
26.75,1.5843460924368802
26.75,1.584374082545195
26.75,1.584402116220703
26.7,1.584430193621357
26.7,1.5844583149057787
26.7,1.5844864802332614
26.7,1.5845146897637739
26.65,1.584542943657964
26.65,1.5845712420771634
26.65,1.5845995851833898
26.65,1.5846279731393524
26.6,1.584656406108455
26.6,1.5846848842548
26.6,1.5847134077431926
26.55,1.584741976739144
26.55,1.5847705914088768
26.55,1.5847992519193277
26.55,1.584827958438152
26.5,1.584856711133728
26.5,1.5848855101751604
26.5,1.5849143557322858
26.45,1.5849432479756747
26.45,1.5849721870766378
26.45,1.5850011732072289
26.45,1.58503020654025
26.4,1.5850592872492546
26.4,1.585088415508553
26.4,1.585117591493216
26.4,1.5851468153790795
26.35,1.585176087342749
26.35,1.5852054075616036
26.35,1.5852347762138006
26.3,1.5852641934782805
26.3,1.585293659534771
26.3,1.5853231745637915
26.3,1.585352738746658
26.25,1.585382352265487
26.25,1.5854120153032016
26.25,1.5854417280435344
26.2,1.5854714906710334
26.2,1.5855013033710663
26.2,1.5855311663298253
26.2,1.5855610797343318
26.15,1.5855910437724416
26.15,1.5856210586328494
26.15,1.5856511245050937
26.1,1.585681241579562
26.1,1.5857114100474954
26.1,1.5857416301009941
26.1,1.5857719019330219
26.05,1.5858022257374114
26.05,1.5858326017088693
26.05,1.585863030042982
26.0,1.585893510936219
26.0,1.5859240445859408
26.0,1.5859546311904014
26.0,1.5859852709487554
25.95,1.586015964061063
25.95,1.5860467107282945
25.95,1.5860775111523369
25.9,1.5861083655359989
25.9,1.5861392740830154
25.9,1.5861702369980546
25.9,1.5862012544867226
25.85,1.586232326755569
25.85,1.5862634540120928
25.85,1.586294636464748
25.8,1.5863258743229496
25.8,1.5863571677970785
25.8,1.586388517098488
25.75,1.5864199224395095
25.75,1.5864513840334584
25.75,1.5864829020946398
25.75,1.5865144768383546
25.7,1.5865461084809056
25.7,1.5865777972396031
25.7,1.586609543332772
25.65,1.5866413469797565
25.65,1.5866732084009272
25.65,1.5867051278176874
25.65,1.5867371054524788
25.6,1.5867691415287883
25.6,1.5868012362711539
25.6,1.5868333899051716
25.55,1.5868656026575012
25.55,1.5868978747558737
25.55,1.5869302064290969
25.5,1.5869625979070625
25.5,1.5869950494207528
25.5,1.5870275612022466
25.5,1.5870601334847274
25.45,1.5870927665024888
25.45,1.5871254604909417
25.45,1.5871582156866217
25.4,1.5871910323271954
25.4,1.5872239106514676
25.4,1.5872568508993887
25.35,1.587289853312061
25.35,1.5873229181317463
25.35,1.5873560456018734
25.35,1.5873892359670447
25.3,1.5874224894730438
25.3,1.5874558063668427
25.3,1.58748918689661
25.25,1.5875226313117166
25.25,1.5875561398627454
25.25,1.5875897128014969
25.2,1.587623350380998
25.2,1.5876570528555096
25.2,1.5876908204805338
25.15,1.5877246535128222
25.15,1.5877585522103832
25.15,1.5877925168324907
25.15,1.5878265476396913
25.1,1.5878606448938128
25.1,1.587894808857972
25.1,1.5879290397965837
25.05,1.587963337975367
25.05,1.587997703661356
25.05,1.588032137122906
25.0,1.5880666386297035
25.0,1.5881012084527735
25.0,1.588135846864489
25.0,1.5881705541385789
24.95,1.5882053305501367
24.95,1.5882401763756298
24.95,1.5882750918929074
24.9,1.5883100773812102
24.9,1.5883451331211793
24.9,1.5883802593948642
24.85,1.588415456485733
24.85,1.5884507246786808
24.85,1.5884860642600394
24.8,1.588521475517586
24.8,1.588556958740554
24.8,1.5885925142196393
24.75,1.588628142247014
24.75,1.5886638431163325
24.75,1.5886996171227425
24.75,1.588735464562895
24.7,1.5887713857349537
24.7,1.5888073809386043
24.7,1.588843450475066
24.65,1.5888795946470993
24.65,1.5889158137590182
24.65,1.5889521081167
24.6,1.5889884780275934
24.6,1.5890249238007321
24.6,1.589061445746743
24.55,1.589098044177857
24.55,1.5891347194079206
24.55,1.5891714717524053
24.5,1.5892083015284189
24.5,1.589245209054717
24.5,1.5892821946517122
24.5,1.5893192586414875
24.45,1.5893564013478048
24.45,1.589393623096118
24.45,1.5894309242135838
24.4,1.589468305029072
24.4,1.589505765873179
24.4,1.5895433070782372
24.35,1.5895809289783283
24.35,1.5896186319092938
24.35,1.5896564162087472
24.3,1.5896942822160869
24.3,1.5897322302725068
24.3,1.5897702607210091
24.25,1.5898083739064162
24.25,1.5898465701753832
24.25,1.5898848498764109
24.2,1.589923213359857
24.2,1.5899616609779499
24.2,1.5900001930848002
24.2,1.5900388100364153
24.15,1.5900775121907105
24.15,1.5901162999075227
24.15,1.590155173548624
24.1,1.590194133477734
24.1,1.590233180060535
24.1,1.590272313664682
24.05,1.5903115346598202
24.05,1.590350843417596
24.05,1.5903902403116716
24.0,1.5904297257177396
24.0,1.5904693000135357
24.0,1.5905089635788539
23.95,1.5905487167955596
23.95,1.590588560047606
23.95,1.590628493721046
23.9,1.5906685182040488
23.9,1.5907086338869136
23.9,1.5907488411620851
23.85,1.5907891404241679
23.85,1.5908295320699417
23.85,1.590870016498377
23.8,1.5909105941106496
23.8,1.5909512653101572
23.8,1.5909920305025342
23.75,1.5910328900956672
23.75,1.591073844499712
23.75,1.5911148941271083
23.7,1.591156039392597
23.7,1.5911972807132355
23.7,1.5912386185084149
23.65,1.5912800531998759
23.65,1.5913215852117262
23.65,1.5913632149704566
23.65,1.5914049429049586
23.6,1.591446769446541
23.6,1.591488695028948
23.6,1.5915307200883753
23.55,1.5915728450634887
23.55,1.591615070395442
23.55,1.591657396527894
23.5,1.5916998239070268
23.5,1.5917423529815649
23.5,1.591784984202792
23.45,1.5918277180245706
23.45,1.5918705549033605
23.45,1.591913495298237
23.4,1.591956539670911
23.4,1.5919996884857472
23.4,1.5920429422097835
23.35,1.5920863013127509
23.35,1.592129766267093
23.35,1.5921733375479856
23.3,1.5922170156333575
23.3,1.5922608010039092
23.3,1.5923046941431347
23.25,1.5923486955373414
23.25,1.5923928056756704
23.25,1.5924370250501183
23.2,1.592481354155558
23.2,1.5925257934897596
23.2,1.5925703435534118
23.15,1.592615004850144
23.15,1.5926597778865481
23.15,1.5927046631722002
23.1,1.5927496612196834
23.1,1.5927947725446092
23.1,1.5928399976656413
23.05,1.5928853371045175
23.05,1.5929307913860735
23.05,1.5929763610382657
23.0,1.5930220465921945
23.0,1.5930678485821286
23.0,1.5931137675455278
22.95,1.5931598040230686
22.95,1.593205958558667
22.95,1.5932522316995041
22.9,1.5932986239960505
22.9,1.5933451360020907
22.9,1.5933917682747494
22.85,1.5934385213745161
22.85,1.5934853958652715
22.85,1.593532392314312
22.8,1.5935795112923778
22.8,1.5936267533736779
22.8,1.5936741191359167
22.75,1.5937216091603217
22.75,1.5937692240316703
22.75,1.5938169643383167
22.7,1.5938648306722198
22.7,1.5939128236289717
22.7,1.5939609438078246
22.65,1.59400919181172
22.65,1.5940575682473177
22.65,1.5941060737250237
22.6,1.59415470885902
22.6,1.5942034742672946
22.6,1.5942523705716696
22.55,1.5943013983978331
22.55,1.5943505583753688
22.55,1.5943998511377855
22.5,1.5944492773225498
22.5,1.594498837571116
22.5,1.5945485325289586
22.45,1.5945983628456024
22.45,1.5946483291746565
22.45,1.5946984321738453
22.4,1.5947486725050417
22.4,1.5947990508343002
22.4,1.59484956783189
22.35,1.5949002241723285
22.35,1.5949510205344153
22.35,1.5950019576012668
22.3,1.5950530360603505
22.3,1.5951042566035198
22.3,1.5951556199270498
22.25,1.595207126731672
22.25,1.5952587777226115
22.25,1.5953105736096216
22.2,1.5953625151070225
22.2,1.5954146029337366
22.2,1.5954668378133263
22.15,1.595519220474033
22.15,1.5955717516488128
22.1,1.595624432075377
22.1,1.5956772624962303
22.1,1.5957302436587097
22.05,1.5957833763150244
22.05,1.595836661222296
22.05,1.5958900991425984
22.0,1.595943690842999
22.0,1.5959974370955996
22.0,1.5960513386775783
21.95,1.5961053963712317
21.95,1.5961596109640164
21.95,1.5962139832485926
21.9,1.5962685140228676
21.9,1.5963232040900392
21.9,1.5963780542586392
21.85,1.5964330653425791
21.85,1.596488238161195
21.85,1.5965435735392917
21.8,1.5965990723071908
21.8,1.5966547353007754
21.8,1.5967105633615377
21.75,1.5967665573366268
21.75,1.5968227180788954
21.75,1.5968790464469487
21.7,1.5969355433051937
21.7,1.5969922095238882
21.7,1.5970490459791897
21.65,1.5971060535532071
21.65,1.5971632331340513
21.65,1.5972205856158854
21.6,1.597278111898978
21.6,1.597335812889755
21.6,1.5973936895008525
21.55,1.5974517426511703
21.55,1.5975099732659266
21.55,1.5975683822767115
21.5,1.5976269706215434
21.5,1.597685739244924
21.5,1.5977446890978946
21.45,1.5978038211380934
21.45,1.5978631363298135
21.4,1.5979226356440597
21.4,1.597982320058608
21.4,1.598042190558066
21.35,1.5981022481339306
21.35,1.5981624937846506
21.35,1.598222928515687
21.3,1.5982835533395754
21.3,1.598344369275988
21.3,1.5984053773517974
21.25,1.59846657860114
21.25,1.5985279740654814
21.25,1.5985895647936805
21.2,1.5986513518420562
21.2,1.5987133362744543
21.2,1.5987755191623143
21.15,1.598837901584738
21.15,1.598900484628558
21.15,1.598963269388407
21.1,1.59902625696679
21.1,1.599089448474152
21.1,1.5991528450289536
21.05,1.5992164477577413
21.05,1.5992802577952214
21.05,1.5993442762843346
21.0,1.599408504376331
21.0,1.5994729432308463
21.0,1.5995375940159775
20.95,1.5996024579083614
20.95,1.5996675360932529
20.95,1.5997328297646036
20.9,1.5997983401251434
20.9,1.5998640683864598
20.85,1.599930015769081
20.85,1.5999961835025585
20.85,1.6000625728255506
20.8,1.6001291849859078
20.8,1.6001960212407575
20.8,1.6002630828565914
20.75,1.6003303711093526
20.75,1.6003978872845248
20.75,1.6004656326772213
20.7,1.6005336085922752
20.7,1.6006018163443327
20.7,1.6006702572579437
20.65,1.6007389326676564
20.65,1.6008078439181128
20.65,1.600876992364143
20.6,1.6009463793708638
20.6,1.6010160063137748
20.6,1.6010858745788596
20.55,1.6011559855626847
20.55,1.6012263406725014
20.55,1.6012969413263485
20.5,1.6013677889531563
20.5,1.601438884992851
20.5,1.601510230896461
20.45,1.6015818281262255
20.45,1.6016536781557016
20.4,1.6017257824698752
20.4,1.6017981425652719
20.4,1.6018707599500697
20.35,1.6019436361442136
20.35,1.602016772679529
20.35,1.60209017109984
20.3,1.602163832961087
20.3,1.602237759831445
20.3,1.6023119532914454
20.25,1.6023864149340978
20.25,1.6024611463650142
20.25,1.6025361492025327
20.2,1.602611425077846
20.2,1.6026869756351274
20.2,1.6027628025316627
20.15,1.6028389074379794
20.15,1.6029152920379806
20.15,1.6029919580290788
20.1,1.603068907122333
20.1,1.6031461410425845
20.1,1.603223661528598
20.05,1.6033014703332011
20.05,1.6033795692234287
20.05,1.6034579599806658
20.0,1.6035366444007946
20.0,1.6036156242943422
19.95,1.603694901486631
19.95,1.6037744778179295
19.95,1.6038543551436064
19.9,1.6039345353342862
19.9,1.6040150202760055
19.9,1.604095811870374
19.85,1.6041769120347342
19.85,1.6042583227023257
19.85,1.6043400458224502
19.8,1.6044220833606382
19.8,1.6045044372988202
19.8,1.6045871096354962
19.75,1.6046701023859118
19.75,1.6047534175822316
19.75,1.6048370572737196
19.7,1.6049210235269187
19.7,1.6050053184258328
19.7,1.6050899440721134
19.65,1.6051749025852455
19.65,1.6052601961027384
19.65,1.6053458267803176
19.6,1.6054317967921192
19.6,1.6055181083308876
19.6,1.605604763608175
19.55,1.6056917648545435
19.55,1.6057791143197706
19.55,1.605866814273056
19.5,1.6059548670032329
19.5,1.6060432748189795
19.45,1.6061320400490364
19.45,1.6062211650424247
19.45,1.6063106521686663
19.4,1.60640050381801
19.4,1.606490722401658
19.4,1.6065813103519961
19.35,1.6066722701228275
19.35,1.6067636041896087
19.35,1.6068553150496898
19.3,1.6069474052225565
19.3,1.607039877250077
19.3,1.6071327336967502
19.25,1.6072259771499597
19.25,1.6073196102202285
19.25,1.6074136355414794
19.2,1.6075080557712973
19.2,1.6076028735911965
19.2,1.6076980917068902
19.15,1.6077937128485642
19.15,1.6078897397711553
19.15,1.6079861752546316
19.1,1.608083022104278
19.1,1.6081802831509853
19.1,1.6082779612515434
19.05,1.6083760592889385
19.05,1.608474580172653
19.05,1.6085735268389723
19.0,1.6086729022512938
19.0,1.6087727094004403
19.0,1.6088729513049786
18.95,1.6089736310115426
18.95,1.6090747515951591
18.9,1.6091763161595807
18.9,1.6092783278376221
18.9,1.6093807897915007
18.85,1.6094837052131823
18.85,1.6095870773247332
18.85,1.6096909093786747
18.8,1.6097952046583441
18.8,1.6098999664782618
18.8,1.610005198184501
18.75,1.6101109031550653
18.75,1.6102170848002704
18.75,1.6103237465631306
18.7,1.6104308919197536
18.7,1.6105385243797374
18.7,1.6106466474865757
18.65,1.6107552648180683
18.65,1.6108643799867368
18.65,1.6109739966402472
18.6,1.6110841184618387
18.6,1.6111947491707586
18.6,1.6113058925227024
18.55,1.6114175523102634
18.55,1.6115297323633853
18.55,1.611642436549824
18.5,1.6117556687756158
18.5,1.6118694329855512
18.5,1.6119837331636582
18.45,1.61209857333369
18.45,1.6122139575596228
18.45,1.612329889946159
18.4,1.6124463746392381
18.4,1.6125634158265574
18.4,1.6126810177380981
18.35,1.612799184646661
18.35,1.6129179208684084
18.35,1.613037230763417
18.3,1.6131571187362381
18.3,1.6132775892364648
18.25,1.6133986467593096
18.25,1.6135202958461912
18.25,1.61364254108533
18.2,1.6137653871123507
18.2,1.6138888386108983
18.2,1.6140129003132602
18.15,1.6141375770009998
18.15,1.614262873505599
18.15,1.6143887947091118
18.1,1.6145153455448273
18.1,1.6146425309979444
18.1,1.6147703561062547
18.05,1.6148988259608394
18.05,1.615027945706775
18.05,1.6151577205438505
18.0,1.6152881557272976
18.0,1.6154192565685304
18.0,1.6155510284358987
17.95,1.6156834767554533
17.95,1.6158166070117217
17.95,1.6159504247484993
17.9,1.6160849355696512
17.9,1.6162201451399283
17.9,1.6163560591857955
17.85,1.6164926834962756
17.85,1.6166300239238038
17.85,1.6167680863851
17.8,1.6169068768620527
17.8,1.617046401402618
17.8,1.617186666121735
17.75,1.617327677202255
17.75,1.617469440895886
17.75,1.6176119635241553
17.7,1.6177552514793845
17.7,1.617899311225684
17.7,1.6180441492999642
17.65,1.6181897723129604
17.65,1.61833618695028
17.65,1.618483399973464
17.6,1.6186314182210675
17.6,1.6187802486097598
17.6,1.618929898135441
17.55,1.6190803738743809
17.55,1.6192316829843747
17.55,1.6193838327059205
17.5,1.6195368303634163
17.5,1.6196906833663793
17.5,1.6198453992106838
17.45,1.6200009854798232
17.45,1.620157449846194
17.45,1.6203148000724
17.4,1.620473044012583
17.4,1.6206321896137748
17.4,1.620792244917273
17.35,1.6209532180600434
17.35,1.6211151172761455
17.35,1.6212779508981838
17.3,1.6214417273587862
17.3,1.6216064551921083
17.3,1.6217721430353653
17.25,1.6219387996303911
17.25,1.622106433825226
17.25,1.622275054575734
17.2,1.622444670947249
17.2,1.6226152921162513
17.2,1.6227869273720754
17.15,1.6229595861186483
17.15,1.6231332778762622
17.15,1.6233080122833772
17.1,1.6234837990984599
17.1,1.6236606482018558
17.1,1.623838569597696
17.05,1.6240175734158413
17.05,1.624197669913861
17.05,1.624378869479051
17.0,1.6245611826304902
17.0,1.6247446200211335
17.0,1.6249291924399485
16.95,1.625114910814091
16.95,1.6253017862111219
16.95,1.625489829841269
16.9,1.6256790530597303
16.9,1.625869467369024
16.9,1.6260610844213819
16.85,1.6262539160211933
16.85,1.6264479741274922
16.85,1.6266432708564975
16.8,1.6268398184842008
16.8,1.6270376294490068
16.8,1.6272367163544252
16.8,1.6274370919718175
16.75,1.627638769243197
16.75,1.627841761284087
16.75,1.6280460813864346
16.7,1.6282517430215846
16.7,1.6284587598433142
16.7,1.6286671456909276
16.65,1.6288769145924145
16.65,1.6290880807676746
16.65,1.6293006586318064
16.6,1.6295146627984658
16.6,1.6297301080832907
16.6,1.6299470095074016
16.55,1.6301653823009716
16.55,1.6303852419068712
16.55,1.6306066039843907
16.5,1.6308294844130418
16.5,1.6310538992964356
16.5,1.6312798649662483
16.45,1.6315073979862658
16.45,1.6317365151565189
16.45,1.6319672335175042
16.4,1.6321995703544978
16.4,1.6324335432019599
16.4,1.6326691698480373
16.35,1.632906468339161
16.35,1.6331454569847463
16.35,1.6333861543619943
16.3,1.6336285793207999
16.3,1.633872750988767
16.3,1.6341186887763346
16.3,1.6343664123820185
16.25,1.6346159417977677
16.25,1.6348672973144414
16.25,1.635120499527409
16.2,1.6353755693422756
16.2,1.6356325279807398
16.2,1.6358913969865794
16.15,1.6361521982317786
16.15,1.6364149539227921
16.15,1.6366796866069537
16.1,1.6369464191790348
16.1,1.6372151748879504
16.1,1.6374859773436246
16.05,1.6377588505240146
16.05,1.638033818782299
16.05,1.6383109068542354
16.0,1.6385901398656908
16.0,1.6388715433403518
16.0,1.6391551432076157
15.95,1.6394409658106728
15.95,1.639729037914779
15.95,1.6400193867157313
15.95,1.6403120398485438
15.9,1.640607025396337
15.9,1.640904371899442
15.9,1.6412041083647289
15.85,1.6415062642751612
15.85,1.641810869599588
15.85,1.6421179548027784
15.8,1.6424275508557031
15.8,1.6427396892460742
15.8,1.6430544019891493
15.75,1.6433717216388048
15.75,1.6436916812988922
15.75,1.6440143146348796
15.7,1.6443396558857908
15.7,1.6446677398764489
15.7,1.6449986020300364
15.7,1.6453322783809765
15.65,1.645668805588149
15.65,1.6460082209484501
15.65,1.6463505624107069
15.6,1.6466958685899558
15.6,1.6470441787820977
15.6,1.6473955329789396
15.55,1.6477499718836386
15.55,1.6481075369265559
15.55,1.6484682702815372
15.5,1.6488322148826282
15.5,1.6491994144412485
15.5,1.6495699134638253
15.5,1.6499437572699132
15.45,1.6503209920108066
15.45,1.6507016646886694
15.45,1.6510858231761896
15.4,1.6514735162367815
15.4,1.6518647935453523
15.4,1.6522597057096509
15.35,1.6526583042922178
15.35,1.6530606418329554
15.35,1.6534667718723417
15.3,1.6538767489753068
15.3,1.6542906287557928
15.3,1.6547084679020247
15.3,1.6551303242025117
15.25,1.6555562565728046
15.25,1.6559863250830402
15.25,1.6564205909862892
15.2,1.656859116747745
15.2,1.6573019660747794
15.2,1.657749203947892
15.15,1.6582008966525894
15.15,1.658657111812221
15.15,1.6591179184218146
15.15,1.6595833868829346
15.1,1.6600535890396098
15.1,1.6605285982153648
15.1,1.6610084892513897
15.05,1.6614933385459036
15.05,1.6619832240947365
15.05,1.6624782255331896
15.0,1.6629784241792105
15.0,1.6634839030779396
15.0,1.6639947470476721
15.0,1.6645110427272938
14.95,1.665032878625236
14.95,1.6655603451700256
14.95,1.6660935347624668
14.9,1.6666325418295365
14.9,1.6671774628800449
14.9,1.6677283965621408
14.85,1.6682854437227232
14.85,1.6688487074688367
14.85,1.6694182932311321
14.85,1.6699943088294644
14.8,1.6705768645407237
14.8,1.6711660731689786
14.8,1.6717620501180244
14.75,1.6723649134664442
14.75,1.6729747840452687
14.75,1.6735917855183475
14.75,1.6742160444655476
14.7,1.6748476904688847
14.7,1.6754868562017162
14.7,1.676133677521121
14.65,1.6767882935635936
14.65,1.6774508468442042
14.65,1.6781214833593567
14.65,1.6788003526933102
14.6,1.6794876081286125
14.6,1.6801834067606276
14.6,1.6808879096163198
14.55,1.681601281777493
14.55,1.6823236925086693
14.55,1.6830553153898193
14.5,1.683796328454152
14.5,1.6845469143311964
14.5,1.6853072603954096
14.5,1.6860775589205546
14.45,1.6868580072401238
14.45,1.68764880791407
14.45,1.6884501689021452
14.4,1.6892623037441414
14.4,1.6900854317473757
14.4,1.6909197781817304
14.4,1.6917655744826294
14.35,1.6926230584623172
14.35,1.6934924745298354
14.35,1.694374073920116
14.3,1.6952681149326427
14.3,1.6961748631801277
14.3,1.697094591847715
14.3,1.698027581963215
14.25,1.6989741226789288
14.25,1.6999345115656341
14.25,1.7009090549193595
14.25,1.701898068081575
14.2,1.7029018757735026
14.2,1.7039208124452687
14.2,1.7049552226406601
14.15,1.7060054613783149
14.15,1.7070718945501797
14.15,1.7081548993381894
14.15,1.7092548646501136
14.1,1.7103721915755905
14.1,1.7115072938634743
14.1,1.712660598421622
14.05,1.7138325458403771
14.05,1.715023590941034
14.05,1.7162342033507056
14.05,1.7174648681050433
14.0,1.7187160862804178
14.0,1.7199883756571968
14.0,1.7212822714159524
14.0,1.722598326868456
13.95,1.7239371142255302
13.95,1.7252992254038872
13.95,1.7266852728742799
13.9,1.7280958905534267
13.9,1.7295317347423476
13.9,1.7309934851139053
13.9,1.7324818457525784
13.85,1.7339975462496735
13.85,1.7355413428574111
13.85,1.7371140197055823
13.85,1.7387163900847145
13.8,1.7403492977999853
13.8,1.7420136186004027
13.8,1.7437102616881504
13.75,1.745440171313293
13.75,1.747204328459471
13.75,1.749003752626629
13.75,1.7508395037172355
13.7,1.7527126840330065
13.7,1.7546244403896343
13.7,1.756575966357603
13.7,1.7585685046378752
13.65,1.76060334958177
13.65,1.76268184986528
13.65,1.7648054113287464
13.6,1.7669754999937428
13.6,1.7691936452700163
13.6,1.7714614433662872
13.6,1.773780560919984
13.55,1.7761527388621015
13.55,1.7785797965348398
13.55,1.7810636360811003
13.55,1.783606247126616
13.5,1.786209711777169
13.5,1.7888762099554125
13.5,1.7916080251039062
13.5,1.7944075502832613
13.45,1.7972772946969715
13.45,1.8002198906772184
13.45,1.8032381011691525
13.45,1.8063348277543727
13.4,1.809513119258302
13.4,1.8127761809900549
13.4,1.8161273846680008
13.4,1.8195702790893016
13.35,1.8231086016069038
13.35,1.8267462904838934
13.35,1.830487498201295
13.35,1.8343366058032362
13.3,1.8382982383710058
13.3,1.8423772817266637
13.3,1.8465789004767255
13.3,1.8509085575168935
13.25,1.8553720351312202
13.25,1.8599754578315488
13.25,1.8647253170979945
13.25,1.8696284981967959
13.2,1.874692309269113
13.2,1.8799245129037219
13.2,1.8853333604267912
13.2,1.8909276291654722
13.15,1.896716662965578
13.15,1.9027104162715207
13.15,1.9089195021047938
13.15,1.9153552443084658
13.1,1.9220297344582291
13.1,1.9289558938749125
13.1,1.9361475412099398
13.1,1.943619466111992
13.05,1.951387509519933
13.05,1.959468651163372
13.05,1.967881104884391
13.05,1.9766444224220274
13.0,1.9857796063191067
13.0,1.9953092326172743
13.0,2.0052575839923628
13.0,2.0156507939415023
12.95,2.026517002555915
12.95,2.0378865242834463
12.95,2.0497920278871193
12.95,2.062268728515278
12.95,2.075354591384807
12.9,2.0890905460074825
12.9,2.103520709104963
12.9,2.118692613307016
12.9,2.134657437330697
12.9,2.1514702315015954
12.85,2.1691901301006427
12.85,2.1878805389571343
12.85,2.207609282838085
12.85,2.228448692328209
12.85,2.2504756039324736
12.8,2.273771239932908
12.8,2.2984209260595336
12.8,2.3245135954096905
12.8,2.352141016602687
12.8,2.3813966736312957
12.75,2.4123742155611474
12.75,2.4451653881834643
12.75,2.479857359990008
12.75,2.5165293655631507
12.75,2.555248615851348
12.75,2.5960654726586676
12.75,2.6390079593748936
12.7,2.684075784552874
12.7,2.731234187354166
12.7,2.780408063565439
12.7,2.8314769760632097
12.7,2.8842717603279544
12.7,2.9385734616783776
12.7,2.994115245557955
12.7,3.05058768108548
12.7,3.1076474203300455
